symbol,interval,open_time,open,high,low,close,volume,close_time,quote_volume,trade_count,taker_buy_base_volume,taker_buy_quote_volume,price_range,price_change,percent_change,candle_direction
ADAUSDT,1h,2026-06-26 10:00:00+00:00,0.1438,0.1445,0.1434,0.1437,4048747.5,2026-06-26 10:59:59.999000+00:00,582231.38253,2362.0,2177747.1,313198.5186,0.0010999999999999899,-0.00010000000000001674,-0.0695410292072439,down
ADAUSDT,1h,2026-06-07 16:00:00+00:00,0.1623,0.1631,0.162,0.1626,4630663.7,2026-06-07 16:59:59.999000+00:00,752753.88373,4284.0,2146365.8,348889.47749,0.0010999999999999899,0.0002999999999999947,0.1848428835489801,up
ADAUSDT,1h,2026-06-26 11:00:00+00:00,0.1438,0.1446,0.1427,0.1433,3328865.6,2026-06-26 11:59:59.999000+00:00,478329.76053,2423.0,1739230.4,250034.24864,0.0019000000000000128,-0.0005000000000000004,-0.3477051460361616,down
ADAUSDT,1h,2026-06-29 00:00:00+00:00,0.1438,0.1441,0.1419,0.1441,3601098.0,2026-06-29 00:59:59.999000+00:00,514897.82379,3798.0,1896535.4,271242.43559,0.0022000000000000075,0.0002999999999999947,0.20862308762169313,up
ADAUSDT,1h,2026-06-21 08:00:00+00:00,0.1616,0.1617,0.16,0.1611,2683155.6,2026-06-21 08:59:59.999000+00:00,430936.10186,1955.0,912111.6,146548.04823,0.001700000000000007,-0.0005000000000000004,-0.3094059405940597,down
AVAXUSDT,1h,2026-06-17 03:00:00+00:00,6.983,6.983,6.932,6.954,73511.21,2026-06-17 03:59:59.999000+00:00,511205.88939,5304.0,24866.14,172958.60859,0.05099999999999927,-0.028999999999999915,-0.41529428612344144,down
AVAXUSDT,1h,2026-06-18 16:00:00+00:00,6.244,6.338,6.228,6.334,291261.57,2026-06-18 16:59:59.999000+00:00,1833302.56849,21263.0,158098.75,994938.54118,0.11000000000000032,0.08999999999999986,1.441383728379242,up
AVAXUSDT,1h,2026-06-26 15:00:00+00:00,6.228,6.377,6.21,6.373,213165.34,2026-06-26 15:59:59.999000+00:00,1347757.28509,18776.0,112816.7,713268.3277,0.16699999999999982,0.14500000000000046,2.3281952472703993,up
AVAXUSDT,1h,2026-06-02 13:00:00+00:00,8.7,8.72,8.678,8.694,61635.79,2026-06-02 13:59:59.999000+00:00,536144.97338,6898.0,29181.37,253919.46971,0.041999999999999815,-0.005999999999998451,-0.06896551724136152,down
AVAXUSDT,1h,2026-07-02 11:00:00+00:00,6.797,6.814,6.764,6.782,113632.22,2026-07-02 11:59:59.999000+00:00,771751.41343,9431.0,45871.93,311657.29454,0.04999999999999982,-0.01499999999999968,-0.22068559658672474,down
BNBUSDT,1h,2026-06-22 03:00:00+00:00,591.32,592.7,589.07,590.05,3536.436,2026-06-22 03:59:59.999000+00:00,2089772.6794,21153.0,1620.016,957372.56955,3.6299999999999955,-1.2700000000000955,-0.214773726577842,down
BNBUSDT,1h,2026-05-24 19:00:00+00:00,655.39,656.45,655.21,656.16,802.786,2026-05-24 19:59:59.999000+00:00,526507.28205,9517.0,497.338,326182.10857,1.240000000000009,0.7699999999999818,0.11748729763957061,up
BNBUSDT,1h,2026-06-30 05:00:00+00:00,553.17,554.14,552.0,554.12,4697.823,2026-06-30 05:59:59.999000+00:00,2596728.72502,19599.0,2156.415,1192024.24478,2.1399999999999864,0.9500000000000455,0.171737440569815,up
BNBUSDT,1h,2026-05-25 02:00:00+00:00,655.9,659.98,655.9,657.01,2720.107,2026-05-25 02:59:59.999000+00:00,1790525.51978,27340.0,1286.578,846998.8185,4.080000000000041,1.1100000000000136,0.1692331148040881,up
BNBUSDT,1h,2026-06-28 22:00:00+00:00,548.94,553.13,545.62,547.29,5020.206,2026-06-28 22:59:59.999000+00:00,2756137.52029,30157.0,2406.36,1321842.26578,7.509999999999991,-1.650000000000091,-0.300579298283982,down
BTCUSDT,1h,2026-06-26 16:00:00+00:00,60328.18,60583.0,59970.0,60041.75,1128.46917,2026-06-26 16:59:59.999000+00:00,67961986.7343316,298153.0,661.35131,39846323.7082952,613.0,-286.4300000000003,-0.4747864099331362,down
BTCUSDT,1h,2026-06-21 20:00:00+00:00,64207.13,64271.21,63700.0,63848.0,420.72845,2026-06-21 20:59:59.999000+00:00,26883641.1021237,86417.0,153.09069,9783809.5519538,571.2099999999991,-359.1299999999974,-0.5593304045827892,down
BTCUSDT,1h,2026-06-21 03:00:00+00:00,64241.26,64472.99,64234.0,64426.0,409.22163,2026-06-21 03:59:59.999000+00:00,26345662.7588172,73844.0,282.54079,18189667.8798123,238.98999999999796,184.73999999999796,0.28757219269982864,up
BTCUSDT,1h,2026-05-28 03:00:00+00:00,74287.43,74380.39,73060.59,73258.01,3879.74728,2026-05-28 03:59:59.999000+00:00,285009337.8886923,407020.0,1948.44809,143045208.4245805,1319.800000000003,-1029.4199999999983,-1.385725687374026,down
BTCUSDT,1h,2026-06-14 10:00:00+00:00,64616.0,64664.0,64498.01,64521.13,184.13016,2026-06-14 10:59:59.999000+00:00,11891057.7727489,41286.0,95.08219,6140321.3337391,165.98999999999796,-94.87000000000262,-0.14682122075028264,down
DOGEUSDT,1h,2026-05-26 06:00:00+00:00,0.10178,0.10179,0.10133,0.10159,11002112.0,2026-05-26 06:59:59.999000+00:00,1117648.9225,14305.0,3303774.0,335584.37902,0.0004600000000000021,-0.00018999999999999573,-0.18667714678718386,down
DOGEUSDT,1h,2026-06-28 08:00:00+00:00,0.07378,0.07429,0.07367,0.07408,14389060.0,2026-06-28 08:59:59.999000+00:00,1065011.88804,13366.0,6119265.0,452814.85569,0.0006199999999999956,0.0002999999999999947,0.4066142586066613,up
DOGEUSDT,1h,2026-06-21 22:00:00+00:00,0.08289,0.08313,0.08267,0.08291,8748480.0,2026-06-21 22:59:59.999000+00:00,724970.28573,14889.0,4794683.0,397398.36153,0.0004600000000000021,1.9999999999992246e-05,0.02412836289056852,up
DOGEUSDT,1h,2026-06-27 07:00:00+00:00,0.07572,0.07588,0.07558,0.07582,7504580.0,2026-06-27 07:59:59.999000+00:00,568392.71812,6853.0,3472021.0,262983.57189,0.0003000000000000086,0.00010000000000000286,0.13206550449023094,up
DOGEUSDT,1h,2026-05-25 02:00:00+00:00,0.10181,0.10269,0.10181,0.10218,13433293.0,2026-05-25 02:59:59.999000+00:00,1374445.71743,19028.0,6469992.0,662194.11877,0.0008800000000000058,0.0003700000000000092,0.36342206070131544,up
DOTUSDT,1h,2026-06-13 05:00:00+00:00,0.966,0.968,0.961,0.967,220170.91,2026-06-13 05:59:59.999000+00:00,212390.47757,782.0,99832.91,96284.38266,0.007000000000000006,0.0010000000000000009,0.10351966873706013,up
DOTUSDT,1h,2026-06-03 11:00:00+00:00,1.127,1.133,1.114,1.117,308485.44,2026-06-03 11:59:59.999000+00:00,347362.56836,2029.0,151423.96,170526.08085,0.018999999999999906,-0.010000000000000009,-0.8873114463176583,down
DOTUSDT,1h,2026-06-22 18:00:00+00:00,0.956,0.958,0.944,0.946,229378.57,2026-06-22 18:59:59.999000+00:00,217909.80663,1102.0,91738.5,87232.40633,0.014000000000000012,-0.010000000000000009,-1.0460251046025115,down
DOTUSDT,1h,2026-05-24 12:00:00+00:00,1.28,1.28,1.269,1.275,170885.06,2026-05-24 12:59:59.999000+00:00,217572.10965,1015.0,85346.49,108650.25608,0.01100000000000012,-0.0050000000000001155,-0.390625000000009,down
DOTUSDT,1h,2026-05-27 05:00:00+00:00,1.253,1.265,1.25,1.265,268992.24,2026-05-27 05:59:59.999000+00:00,338454.89826,1965.0,166701.1,209834.71581,0.014999999999999902,0.01200000000000001,0.9577015163607351,up
ETHUSDT,1h,2026-06-09 12:00:00+00:00,1671.96,1683.32,1671.04,1676.9,15615.6314,2026-06-09 12:59:59.999000+00:00,26186116.708541,124136.0,-7608.6524,12759022.849999,12.279999999999973,4.940000000000055,0.2954616139142117,up
ETHUSDT,1h,2026-06-11 04:00:00+00:00,1653.94,1659.72,1650.0,1656.89,6886.6593,2026-06-11 04:59:59.999000+00:00,11391383.819356,98880.0,3276.3379,5419497.383114,9.720000000000027,2.9500000000000455,0.1783619720183347,up
ETHUSDT,1h,2026-06-29 08:00:00+00:00,1580.17,1582.33,1569.85,1572.98,7152.0886,2026-06-29 08:59:59.999000+00:00,11269050.849177,87586.0,2584.6772,4073289.532147,12.480000000000018,-7.190000000000055,-0.45501433390078627,down
ETHUSDT,1h,2026-06-11 23:00:00+00:00,1676.16,1679.25,1670.19,1673.46,6496.6753,2026-06-11 23:59:59.999000+00:00,10874575.73495,82371.0,3474.9904,5816814.95225,9.059999999999945,-2.7000000000000455,-0.16108247422680683,down
ETHUSDT,1h,2026-06-06 01:00:00+00:00,1593.04,1596.77,1578.15,1583.16,12688.5562,2026-06-06 01:59:59.999000+00:00,20130038.860571,194160.0,5773.9301,9158345.187668,18.61999999999989,-9.879999999999882,-0.6201978606940116,down
LINKUSDT,1h,2026-05-24 13:00:00+00:00,9.546,9.559,9.468,9.494,66049.24,2026-05-24 13:59:59.999000+00:00,627603.18621,5130.0,34757.56,330067.60367,0.0909999999999993,-0.0519999999999996,-0.5447307772889127,down
LINKUSDT,1h,2026-06-30 08:00:00+00:00,7.3,7.305,7.248,7.268,143393.39,2026-06-30 08:59:59.999000+00:00,1042348.66808,5104.0,65590.01,476811.45863,0.056999999999999496,-0.03200000000000003,-0.43835616438356206,down
LINKUSDT,1h,2026-06-15 15:00:00+00:00,8.454,8.6,8.419,8.561,222818.13,2026-06-15 15:59:59.999000+00:00,1895055.36913,13285.0,104257.15,886725.22771,0.18099999999999916,0.10699999999999932,1.26567305417553,up
LINKUSDT,1h,2026-06-01 10:00:00+00:00,9.027,9.036,8.984,9.019,54701.76,2026-06-01 10:59:59.999000+00:00,493026.22292,4795.0,23082.79,208146.9165,0.0519999999999996,-0.007999999999999119,-0.08862301982939093,down
LINKUSDT,1h,2026-06-05 06:00:00+00:00,7.654,7.668,7.338,7.492,750456.22,2026-06-05 06:59:59.999000+00:00,5623835.63031,41289.0,326105.2,2441448.39371,0.33000000000000007,-0.16199999999999992,-2.116540371047817,down
SOLUSDT,1h,2026-06-18 00:00:00+00:00,72.05,72.5,72.03,72.22,48547.507,2026-06-18 00:59:59.999000+00:00,3509309.87156,24879.0,26758.619,1934464.84921,0.46999999999999886,0.1700000000000017,0.2359472588480246,up
SOLUSDT,1h,2026-06-18 18:00:00+00:00,68.64,68.99,68.23,68.66,147840.926,2026-06-18 18:59:59.999000+00:00,-10143587.00326,44125.0,85670.766,5878828.95184,0.7599999999999909,0.01999999999999602,0.029137529137523342,up
SOLUSDT,1h,2026-06-26 21:00:00+00:00,72.18,72.4,71.8,71.99,108722.07,2026-06-26 21:59:59.999000+00:00,7833642.25188,44337.0,52645.727,3794103.21143,0.6000000000000085,-0.19000000000001194,-0.26323081185925734,down
SOLUSDT,1h,2026-05-30 13:00:00+00:00,82.43,82.57,82.25,82.48,35489.486,2026-05-30 13:59:59.999000+00:00,2925804.17217,8126.0,19016.203,1567973.48845,0.3199999999999932,0.04999999999999716,0.060657527599171604,up
SOLUSDT,1h,2026-06-17 15:00:00+00:00,72.39,73.87,72.36,73.81,133738.882,2026-06-17 15:59:59.999000+00:00,9774473.29731,59155.0,73372.21,5367634.69902,1.5100000000000051,1.4200000000000017,1.9615969056499543,up
XRPUSDT,1h,2026-05-23 23:00:00+00:00,1.3587,1.3616,1.3571,1.3583,2349721.4,2026-05-23 23:59:59.999000+00:00,3194018.27336,12275.0,1367533.2,1858775.96955,0.0044999999999999485,-0.00039999999999995595,-0.02943990579229822,down
XRPUSDT,1h,2026-06-21 03:00:00+00:00,1.1475,1.1516,1.1463,1.1495,843486.1,2026-06-21 03:59:59.999000+00:00,969167.15686,9253.0,464262.9,533403.78053,0.00529999999999986,0.0020000000000000018,0.17429193899782153,up
XRPUSDT,1h,2026-05-25 07:00:00+00:00,1.3583,1.361,1.3526,1.3589,4010925.0,2026-05-25 07:59:59.999000+00:00,5438689.48842,14445.0,2260034.2,3064868.50267,0.008399999999999963,0.0005999999999999339,0.04417286313774084,up
XRPUSDT,1h,2026-06-06 03:00:00+00:00,1.0957,1.0958,1.0835,1.086,6181399.1,2026-06-06 03:59:59.999000+00:00,6728622.86065,64045.0,2962803.8,3224635.38656,0.0123000000000002,-0.00969999999999982,-0.8852788171944712,down
XRPUSDT,1h,2026-06-22 06:00:00+00:00,1.1353,1.1378,1.1294,1.131,2972514.9,2026-06-22 06:59:59.999000+00:00,3368571.04235,14771.0,1652239.6,1871938.13641,0.008399999999999963,-0.0042999999999999705,-0.3787545142253123,down
